space,feature,3D,2D,tool,non_tool,distance,luminance
3.3014244665979997,4.126338431253999,0.6979293134041,0.7449591042666,-0.22144206085163012,-1.7400682363438003,1.0092481082008002,-0.5096510997458998
3.315742231602999,1.3817980256094002,6.301026592492199,1.5927706961158306,4.863688093491702,1.8974799858843991,0.7900243903559797,1.12221672726756
2.891937881545299,0.6985244982617098,-1.6473248928140007,-2.817396091489799,0.783836099759,-0.4775961494336002,-0.4618689479308001,-0.8026974598176001
1.4010308676377001,-0.20755400513112005,-3.321071435537499,-2.3909990866854107,0.58426785482193,-0.7977517771664001,-1.12379190268286,-1.405656126134209
1.9667421476650997,1.1796649974802003,0.6105550027708999,2.2328687267989005,1.0545939464940997,0.7522666112163199,2.29998566051446,1.7563180406154006
9.904904128480004,9.146061599240005,7.772258146351003,7.594209621041002,11.45254311202,9.358358204199996,4.2550027268470005,3.255217691661
7.745929525543001,2.67587920524,7.6114320566739995,6.660475053026994,4.692961488121002,2.0059731682371003,4.245766625429999,3.2175553585866
3.9834832542049012,1.7966731039824229,2.2606092554943,3.486563191198401,1.4049704967146,1.31260665058,2.2842850059452005,2.1055135093295494
6.393745675771089,2.2815118404667984,0.9018826215445993,-0.9690753485874005,1.8132684880986003,-0.08211740420518002,3.68467734379293,2.6326420091408993
